CREATE SCHEMA Firecard;
GO

CREATE TABLE Firecard.CustomerList(
    Customer_ID INT PRIMARY KEY IDENTITY, -- remove
    PWord NVARCHAR (30),
    FirstName NVARCHAR (150),
    LastName NVARCHAR (150),
    Address1 NVARCHAR (255),
    Address2 NVARCHAR (255),
    City NVARCHAR (255),
    StateAbb NVARCHAR (2),
    Zip NVARCHAR (10),
    Phone NVARCHAR (20),
    Email NVARCHAR (100)
) 

CREATE TABLE Firecard.CardList(
    Card_ID INT PRIMARY KEY IDENTITY, --We can make these be all totally random.
    Card_Number BIGINT,
    PurchaseDate NVARCHAR (10),
    InitialBalance MONEY,
    CurrentBalance MONEY,
    Customer INT
)

INSERT INTO Firecard.CustomerList (PWord, FirstName, LastName, Address1, Address2, City, StateAbb, Zip, Phone, Email) VALUES ('nC,lKE:\DjNwimTRAV\[', 'Peter', 'Brown', '265 High Dr', '', 'Madison', 'ME', '43963', '709-331-9592', 'PeterBrown459@google.com')
CREATE TABLE Firecard.Customer0( TransactionDate NVARCHAR (10), TransactionAmount MONEY, Purchase NVARCHAR (1), CardNumber BIGINT)
INSERT INTO Firecard.CustomerList (PWord, FirstName, LastName, Address1, Address2, City, StateAbb, Zip, Phone, Email) VALUES ('v`HZagh)`AzRE', 'Ali', 'Muller', '459 Elm Ave', '', 'Washington', 'PA', '87156', '011-885-8142', 'AliMuller525@yahoo.com')
CREATE TABLE Firecard.Customer1( TransactionDate NVARCHAR (10), TransactionAmount MONEY, Purchase NVARCHAR (1), CardNumber BIGINT)
INSERT INTO Firecard.CustomerList (PWord, FirstName, LastName, Address1, Address2, City, StateAbb, Zip, Phone, Email) VALUES ('2e&W>v/L,B,iGPl', 'Rita', 'Myers', '622 Aspen Dr', '', 'Bristol', 'ID', '57847', '458-355-7322', 'RitaMyers24@yahoo.com')
CREATE TABLE Firecard.Customer2( TransactionDate NVARCHAR (10), TransactionAmount MONEY, Purchase NVARCHAR (1), CardNumber BIGINT)
INSERT INTO Firecard.CustomerList (PWord, FirstName, LastName, Address1, Address2, City, StateAbb, Zip, Phone, Email) VALUES ('cQ8rjFIM^2RQK', 'Jennifer', 'Devi', '48 Aspen Dr', '2', 'Madison', 'ID', '39447', '009-373-8078', 'JenniferDevi771@google.com')
CREATE TABLE Firecard.Customer3( TransactionDate NVARCHAR (10), TransactionAmount MONEY, Purchase NVARCHAR (1), CardNumber BIGINT)
INSERT INTO Firecard.CustomerList (PWord, FirstName, LastName, Address1, Address2, City, StateAbb, Zip, Phone, Email) VALUES ('=tH^kiVuGizKOZ$L<%$V16ZixP-;\', 'Linda', 'Muller', '820 Second St', '', 'Salem', 'GU', '47415', '520-667-8062', 'LindaMuller393@google.com')
CREATE TABLE Firecard.Customer4( TransactionDate NVARCHAR (10), TransactionAmount MONEY, Purchase NVARCHAR (1), CardNumber BIGINT)
INSERT INTO Firecard.CustomerList (PWord, FirstName, LastName, Address1, Address2, City, StateAbb, Zip, Phone, Email) VALUES ('mZ9*(}:&-dL^[N7,g/>Ht', 'Robert', 'Jones', '214 S Pleasant Circle', '2A', 'Greenville', 'PR', '67979', '590-105-2560', 'RobertJones47@surfglobal.net')
CREATE TABLE Firecard.Customer5( TransactionDate NVARCHAR (10), TransactionAmount MONEY, Purchase NVARCHAR (1), CardNumber BIGINT)
INSERT INTO Firecard.CustomerList (PWord, FirstName, LastName, Address1, Address2, City, StateAbb, Zip, Phone, Email) VALUES ('>s{&rjO1\_k-OAp0^4mV>>8;1`G7A', 'Robert', 'Torres', '568 Pleasant Dr', '', 'Fairview', 'NH', '82146', '336-876-4788', 'RobertTorres215@google.com')
CREATE TABLE Firecard.Customer6( TransactionDate NVARCHAR (10), TransactionAmount MONEY, Purchase NVARCHAR (1), CardNumber BIGINT)
INSERT INTO Firecard.CustomerList (PWord, FirstName, LastName, Address1, Address2, City, StateAbb, Zip, Phone, Email) VALUES ('44`A`rGXPsY?Y3{]qk(to&:F8^JOo:', 'Patricia', 'Silva', '430 S Sunset Circle', '', 'Greenville', 'AK', '12582', '154-232-8188', 'PatriciaSilva345@google.com')
CREATE TABLE Firecard.Customer7( TransactionDate NVARCHAR (10), TransactionAmount MONEY, Purchase NVARCHAR (1), CardNumber BIGINT)
INSERT INTO Firecard.CustomerList (PWord, FirstName, LastName, Address1, Address2, City, StateAbb, Zip, Phone, Email) VALUES ('g`c)#E|', 'Nushi', 'Zhang', '981 Oak Circle', '', 'Madison', 'TX', '39363', '022-263-6246', 'NushiZhang617@google.com')
CREATE TABLE Firecard.Customer8( TransactionDate NVARCHAR (10), TransactionAmount MONEY, Purchase NVARCHAR (1), CardNumber BIGINT)
INSERT INTO Firecard.CustomerList (PWord, FirstName, LastName, Address1, Address2, City, StateAbb, Zip, Phone, Email) VALUES ('>fe5d,$}5=r8_-5HQKQ`E9+zD<uhq', 'Li', 'Tesfaye', '688 S River Circle', '', 'Bristol', 'RI', '62574', '494-235-7653', 'LiTesfaye698@charter.net')
CREATE TABLE Firecard.Customer9( TransactionDate NVARCHAR (10), TransactionAmount MONEY, Purchase NVARCHAR (1), CardNumber BIGINT)
INSERT INTO Firecard.CustomerList (PWord, FirstName, LastName, Address1, Address2, City, StateAbb, Zip, Phone, Email) VALUES ('akWaBUG0Lf}X]\5e!N3$Tm[pvtC', 'Elizabeth', 'Torres', '26 S Oak Way', '', 'Fairview', 'MN', '70886', '720-471-9386', 'ElizabethTorres638@hotmail.com')
CREATE TABLE Firecard.Customer10( TransactionDate NVARCHAR (10), TransactionAmount MONEY, Purchase NVARCHAR (1), CardNumber BIGINT)
INSERT INTO Firecard.CustomerList (PWord, FirstName, LastName, Address1, Address2, City, StateAbb, Zip, Phone, Email) VALUES ('%I?02"/', 'Linda', 'Lopez', '815 Main Ln', '', 'Franklin', 'MN', '85767', '137-496-3039', 'LindaLopez422@surfglobal.net')
CREATE TABLE Firecard.Customer11( TransactionDate NVARCHAR (10), TransactionAmount MONEY, Purchase NVARCHAR (1), CardNumber BIGINT)
INSERT INTO Firecard.CustomerList (PWord, FirstName, LastName, Address1, Address2, City, StateAbb, Zip, Phone, Email) VALUES ('=..=bM', 'Linda', 'Khan', '33 King Circle', '', 'Springfield', 'NC', '96895', '468-511-4645', 'LindaKhan928@google.com')
CREATE TABLE Firecard.Customer12( TransactionDate NVARCHAR (10), TransactionAmount MONEY, Purchase NVARCHAR (1), CardNumber BIGINT)
INSERT INTO Firecard.CustomerList (PWord, FirstName, LastName, Address1, Address2, City, StateAbb, Zip, Phone, Email) VALUES ('&_BQ|-U/RoWs||R^g', 'Ali', 'Khan', '654 North Circle', '2', 'Centerville', 'IA', '44150', '733-115-1236', 'AliKhan17@google.com')
CREATE TABLE Firecard.Customer13( TransactionDate NVARCHAR (10), TransactionAmount MONEY, Purchase NVARCHAR (1), CardNumber BIGINT)
INSERT INTO Firecard.CustomerList (PWord, FirstName, LastName, Address1, Address2, City, StateAbb, Zip, Phone, Email) VALUES ('+&x)Jj$SpTBZlfJ', 'Olga', 'Devi', '156 E Church Dr', 'B', 'Washington', 'WA', '46133', '638-970-5251', 'OlgaDevi168@google.com')
CREATE TABLE Firecard.Customer14( TransactionDate NVARCHAR (10), TransactionAmount MONEY, Purchase NVARCHAR (1), CardNumber BIGINT)
INSERT INTO Firecard.CustomerList (PWord, FirstName, LastName, Address1, Address2, City, StateAbb, Zip, Phone, Email) VALUES ('{._/Wtxv', 'Li', 'Kone', '425 Hill Rd', '', 'Fairview', 'AS', '37008', '772-554-9713', 'LiKone234@google.com')
CREATE TABLE Firecard.Customer15( TransactionDate NVARCHAR (10), TransactionAmount MONEY, Purchase NVARCHAR (1), CardNumber BIGINT)
INSERT INTO Firecard.CustomerList (PWord, FirstName, LastName, Address1, Address2, City, StateAbb, Zip, Phone, Email) VALUES ('|FHrcJB#', 'Linda', 'Torres', '767 Third Ave', '', 'Fairview', 'NY', '70960', '095-010-8488', 'LindaTorres138@google.com')
CREATE TABLE Firecard.Customer16( TransactionDate NVARCHAR (10), TransactionAmount MONEY, Purchase NVARCHAR (1), CardNumber BIGINT)
INSERT INTO Firecard.CustomerList (PWord, FirstName, LastName, Address1, Address2, City, StateAbb, Zip, Phone, Email) VALUES ('Hx5^.`&N)VVy6:F6zl(->!}ta]$y{4', 'John', 'Devi', '404 Pleasant Ave', '', 'Fairview', 'AL', '81849', '988-038-0267', 'JohnDevi360@google.com')
CREATE TABLE Firecard.Customer17( TransactionDate NVARCHAR (10), TransactionAmount MONEY, Purchase NVARCHAR (1), CardNumber BIGINT)
INSERT INTO Firecard.CustomerList (PWord, FirstName, LastName, Address1, Address2, City, StateAbb, Zip, Phone, Email) VALUES ('GL|gmHO&U87JVa*c"2`6{c$w2', 'Li', 'Brown', '941 S Hillside Circle', '', 'Salem', 'MS', '50666', '993-547-3266', 'LiBrown54@google.com')
CREATE TABLE Firecard.Customer18( TransactionDate NVARCHAR (10), TransactionAmount MONEY, Purchase NVARCHAR (1), CardNumber BIGINT)
INSERT INTO Firecard.CustomerList (PWord, FirstName, LastName, Address1, Address2, City, StateAbb, Zip, Phone, Email) VALUES ('00m%v@a>Hxl', 'Mary', 'Kone', '420 Maple Ln', '', 'Madison', 'NJ', '71306', '264-934-4923', 'MaryKone466@google.com')
CREATE TABLE Firecard.Customer19( TransactionDate NVARCHAR (10), TransactionAmount MONEY, Purchase NVARCHAR (1), CardNumber BIGINT)
INSERT INTO Firecard.Customer8 (TransactionDate, TransactionAmount, Purchase, CardNumber) VALUES ('05/06/2022', 23, 'P', 673494734065)
INSERT INTO Firecard.Customer8 (TransactionDate, TransactionAmount, Purchase, CardNumber) VALUES ('05/06/2022', 17, 'P', 673494734065)
INSERT INTO Firecard.CardList (Card_Number, PurchaseDate, InitialBalance, CurrentBalance, Customer) VALUES (673494734065, '2013/11/19', 323, 34, 8)
INSERT INTO Firecard.Customer9 (TransactionDate, TransactionAmount, Purchase, CardNumber) VALUES ('05/06/2022', 533, 'P', 417291250922)
INSERT INTO Firecard.CardList (Card_Number, PurchaseDate, InitialBalance, CurrentBalance, Customer) VALUES (417291250922, '2011/11/9', 849, 1351, 9)
INSERT INTO Firecard.Customer0 (TransactionDate, TransactionAmount, Purchase, CardNumber) VALUES ('05/06/2022', 19, 'P', 342211315742)
INSERT INTO Firecard.Customer0 (TransactionDate, TransactionAmount, Purchase, CardNumber) VALUES ('05/06/2022', 153, 'P', 342211315742)
INSERT INTO Firecard.Customer0 (TransactionDate, TransactionAmount, Purchase, CardNumber) VALUES ('05/06/2022', 666, 'P', 342211315742)
INSERT INTO Firecard.CardList (Card_Number, PurchaseDate, InitialBalance, CurrentBalance, Customer) VALUES (342211315742, '2013/3/1', 494, 738, 0)
INSERT INTO Firecard.Customer1 (TransactionDate, TransactionAmount, Purchase, CardNumber) VALUES ('05/06/2022', 428, 'P', 403708459958)
INSERT INTO Firecard.Customer1 (TransactionDate, TransactionAmount, Purchase, CardNumber) VALUES ('05/06/2022', 361, 'P', 403708459958)
INSERT INTO Firecard.CardList (Card_Number, PurchaseDate, InitialBalance, CurrentBalance, Customer) VALUES (403708459958, '2010/1/27', 656, 1060, 1)
INSERT INTO Firecard.Customer11 (TransactionDate, TransactionAmount, Purchase, CardNumber) VALUES ('05/06/2022', 159, 'P', 302255685991)
INSERT INTO Firecard.Customer11 (TransactionDate, TransactionAmount, Purchase, CardNumber) VALUES ('05/06/2022', 491, 'P', 302255685991)
INSERT INTO Firecard.CardList (Card_Number, PurchaseDate, InitialBalance, CurrentBalance, Customer) VALUES (302255685991, '2020/5/29', 605, 533, 11)
INSERT INTO Firecard.Customer17 (TransactionDate, TransactionAmount, Purchase, CardNumber) VALUES ('05/06/2022', 86, 'P', 482737276991)
INSERT INTO Firecard.Customer17 (TransactionDate, TransactionAmount, Purchase, CardNumber) VALUES ('05/06/2022', 99, 'P', 482737276991)
INSERT INTO Firecard.Customer17 (TransactionDate, TransactionAmount, Purchase, CardNumber) VALUES ('05/06/2022', 71, 'P', 482737276991)
INSERT INTO Firecard.CardList (Card_Number, PurchaseDate, InitialBalance, CurrentBalance, Customer) VALUES (482737276991, '2011/11/18', 650, 118, 17)
INSERT INTO Firecard.Customer11 (TransactionDate, TransactionAmount, Purchase, CardNumber) VALUES ('05/06/2022', 0, 'S', 923999483049)
INSERT INTO Firecard.CardList (Card_Number, PurchaseDate, InitialBalance, CurrentBalance, Customer) VALUES (923999483049, '2014/10/21', 454, 6, 11)
INSERT INTO Firecard.Customer2 (TransactionDate, TransactionAmount, Purchase, CardNumber) VALUES ('05/06/2022', 41, 'P', 496631119386)
INSERT INTO Firecard.Customer2 (TransactionDate, TransactionAmount, Purchase, CardNumber) VALUES ('05/06/2022', 379, 'P', 496631119386)
INSERT INTO Firecard.Customer2 (TransactionDate, TransactionAmount, Purchase, CardNumber) VALUES ('05/06/2022', -425, 'S', 496631119386)
INSERT INTO Firecard.CardList (Card_Number, PurchaseDate, InitialBalance, CurrentBalance, Customer) VALUES (496631119386, '2018/8/17', 745, 927, 2)
INSERT INTO Firecard.Customer14 (TransactionDate, TransactionAmount, Purchase, CardNumber) VALUES ('05/06/2022', 169, 'P', 394577532725)
INSERT INTO Firecard.Customer14 (TransactionDate, TransactionAmount, Purchase, CardNumber) VALUES ('05/06/2022', 99, 'P', 394577532725)
INSERT INTO Firecard.Customer14 (TransactionDate, TransactionAmount, Purchase, CardNumber) VALUES ('05/06/2022', 94, 'P', 394577532725)
INSERT INTO Firecard.CardList (Card_Number, PurchaseDate, InitialBalance, CurrentBalance, Customer) VALUES (394577532725, '2015/1/28', 95, 187, 14)
INSERT INTO Firecard.Customer19 (TransactionDate, TransactionAmount, Purchase, CardNumber) VALUES ('05/06/2022', 426, 'P', 448522163134)
INSERT INTO Firecard.Customer19 (TransactionDate, TransactionAmount, Purchase, CardNumber) VALUES ('05/06/2022', 189, 'P', 448522163134)
INSERT INTO Firecard.CardList (Card_Number, PurchaseDate, InitialBalance, CurrentBalance, Customer) VALUES (448522163134, '2020/11/7', 805, 1023, 19)
INSERT INTO Firecard.Customer3 (TransactionDate, TransactionAmount, Purchase, CardNumber) VALUES ('05/06/2022', -130, 'S', 390431326939)
INSERT INTO Firecard.Customer3 (TransactionDate, TransactionAmount, Purchase, CardNumber) VALUES ('05/06/2022', 52, 'P', 390431326939)
INSERT INTO Firecard.CardList (Card_Number, PurchaseDate, InitialBalance, CurrentBalance, Customer) VALUES (390431326939, '2019/7/20', 522, 267, 3)
INSERT INTO Firecard.Customer3 (TransactionDate, TransactionAmount, Purchase, CardNumber) VALUES ('05/06/2022', 701, 'P', 360898736706)
INSERT INTO Firecard.CardList (Card_Number, PurchaseDate, InitialBalance, CurrentBalance, Customer) VALUES (360898736706, '2018/10/26', 826, 889, 3)
INSERT INTO Firecard.Customer19 (TransactionDate, TransactionAmount, Purchase, CardNumber) VALUES ('05/06/2022', 1012, 'P', 426859931052)
INSERT INTO Firecard.CardList (Card_Number, PurchaseDate, InitialBalance, CurrentBalance, Customer) VALUES (426859931052, '2010/6/26', 657, 1158, 19)
INSERT INTO Firecard.Customer8 (TransactionDate, TransactionAmount, Purchase, CardNumber) VALUES ('05/06/2022', 158, 'P', 962561945708)
INSERT INTO Firecard.Customer8 (TransactionDate, TransactionAmount, Purchase, CardNumber) VALUES ('05/06/2022', 99, 'P', 962561945708)
INSERT INTO Firecard.CardList (Card_Number, PurchaseDate, InitialBalance, CurrentBalance, Customer) VALUES (962561945708, '2014/8/26', 934, 178, 8)
INSERT INTO Firecard.Customer17 (TransactionDate, TransactionAmount, Purchase, CardNumber) VALUES ('05/06/2022', 124, 'P', 474910181514)
INSERT INTO Firecard.Customer17 (TransactionDate, TransactionAmount, Purchase, CardNumber) VALUES ('05/06/2022', 12, 'P', 474910181514)
INSERT INTO Firecard.CardList (Card_Number, PurchaseDate, InitialBalance, CurrentBalance, Customer) VALUES (474910181514, '2019/3/3', 405, 736, 17)
INSERT INTO Firecard.Customer7 (TransactionDate, TransactionAmount, Purchase, CardNumber) VALUES ('05/06/2022', 222, 'P', 690809052392)
INSERT INTO Firecard.CardList (Card_Number, PurchaseDate, InitialBalance, CurrentBalance, Customer) VALUES (690809052392, '2013/11/27', 166, 284, 7)
INSERT INTO Firecard.Customer7 (TransactionDate, TransactionAmount, Purchase, CardNumber) VALUES ('05/06/2022', 289, 'P', 659391422947)
INSERT INTO Firecard.CardList (Card_Number, PurchaseDate, InitialBalance, CurrentBalance, Customer) VALUES (659391422947, '2017/11/20', 744, 805, 7)
INSERT INTO Firecard.Customer6 (TransactionDate, TransactionAmount, Purchase, CardNumber) VALUES ('05/06/2022', 81, 'P', 729187912639)
INSERT INTO Firecard.Customer6 (TransactionDate, TransactionAmount, Purchase, CardNumber) VALUES ('05/06/2022', -55, 'S', 729187912639)
INSERT INTO Firecard.Customer6 (TransactionDate, TransactionAmount, Purchase, CardNumber) VALUES ('05/06/2022', 74, 'P', 729187912639)
INSERT INTO Firecard.CardList (Card_Number, PurchaseDate, InitialBalance, CurrentBalance, Customer) VALUES (729187912639, '2010/3/4', 944, 208, 6)
INSERT INTO Firecard.Customer17 (TransactionDate, TransactionAmount, Purchase, CardNumber) VALUES ('05/06/2022', 17, 'P', 619794299178)
INSERT INTO Firecard.CardList (Card_Number, PurchaseDate, InitialBalance, CurrentBalance, Customer) VALUES (619794299178, '2015/6/16', 31, 24, 17)
INSERT INTO Firecard.Customer9 (TransactionDate, TransactionAmount, Purchase, CardNumber) VALUES ('05/06/2022', 13, 'P', 593506993013)
INSERT INTO Firecard.Customer9 (TransactionDate, TransactionAmount, Purchase, CardNumber) VALUES ('05/06/2022', 14, 'P', 593506993013)
INSERT INTO Firecard.CardList (Card_Number, PurchaseDate, InitialBalance, CurrentBalance, Customer) VALUES (593506993013, '2012/7/4', 70, 28, 9)
INSERT INTO Firecard.Customer16 (TransactionDate, TransactionAmount, Purchase, CardNumber) VALUES ('05/06/2022', 0, 'S', 499039430567)
INSERT INTO Firecard.Customer16 (TransactionDate, TransactionAmount, Purchase, CardNumber) VALUES ('05/06/2022', 0, 'S', 499039430567)
INSERT INTO Firecard.Customer16 (TransactionDate, TransactionAmount, Purchase, CardNumber) VALUES ('05/06/2022', 0, 'S', 499039430567)
INSERT INTO Firecard.CardList (Card_Number, PurchaseDate, InitialBalance, CurrentBalance, Customer) VALUES (499039430567, '2018/4/9', 4, 1, 16)
INSERT INTO Firecard.Customer12 (TransactionDate, TransactionAmount, Purchase, CardNumber) VALUES ('05/06/2022', 92, 'P', 619161674480)
INSERT INTO Firecard.Customer12 (TransactionDate, TransactionAmount, Purchase, CardNumber) VALUES ('05/06/2022', 269, 'P', 619161674480)
INSERT INTO Firecard.Customer12 (TransactionDate, TransactionAmount, Purchase, CardNumber) VALUES ('05/06/2022', 398, 'P', 619161674480)
INSERT INTO Firecard.CardList (Card_Number, PurchaseDate, InitialBalance, CurrentBalance, Customer) VALUES (619161674480, '2014/5/2', 214, 421, 12)
INSERT INTO Firecard.Customer10 (TransactionDate, TransactionAmount, Purchase, CardNumber) VALUES ('05/06/2022', 148, 'P', 72503504952)
INSERT INTO Firecard.Customer10 (TransactionDate, TransactionAmount, Purchase, CardNumber) VALUES ('05/06/2022', 696, 'P', 72503504952)
INSERT INTO Firecard.CardList (Card_Number, PurchaseDate, InitialBalance, CurrentBalance, Customer) VALUES (72503504952, '2018/8/20', 985, 745, 10)
INSERT INTO Firecard.Customer7 (TransactionDate, TransactionAmount, Purchase, CardNumber) VALUES ('05/06/2022', 448, 'P', 162819325370)
INSERT INTO Firecard.Customer7 (TransactionDate, TransactionAmount, Purchase, CardNumber) VALUES ('05/06/2022', -585, 'S', 162819325370)
INSERT INTO Firecard.CardList (Card_Number, PurchaseDate, InitialBalance, CurrentBalance, Customer) VALUES (162819325370, '2016/8/17', 454, 588, 7)
INSERT INTO Firecard.Customer5 (TransactionDate, TransactionAmount, Purchase, CardNumber) VALUES ('05/06/2022', 2, 'P', 957711385073)
INSERT INTO Firecard.Customer5 (TransactionDate, TransactionAmount, Purchase, CardNumber) VALUES ('05/06/2022', 13, 'P', 957711385073)
INSERT INTO Firecard.CardList (Card_Number, PurchaseDate, InitialBalance, CurrentBalance, Customer) VALUES (957711385073, '2014/7/4', 14, 18, 5)
INSERT INTO Firecard.Customer15 (TransactionDate, TransactionAmount, Purchase, CardNumber) VALUES ('05/06/2022', -45, 'S', 421868934207)
INSERT INTO Firecard.Customer15 (TransactionDate, TransactionAmount, Purchase, CardNumber) VALUES ('05/06/2022', 14, 'P', 421868934207)
INSERT INTO Firecard.CardList (Card_Number, PurchaseDate, InitialBalance, CurrentBalance, Customer) VALUES (421868934207, '2013/8/18', 203, 47, 15)
INSERT INTO Firecard.Customer17 (TransactionDate, TransactionAmount, Purchase, CardNumber) VALUES ('05/06/2022', 289, 'P', 479414294572)
INSERT INTO Firecard.Customer17 (TransactionDate, TransactionAmount, Purchase, CardNumber) VALUES ('05/06/2022', 374, 'P', 479414294572)
INSERT INTO Firecard.Customer17 (TransactionDate, TransactionAmount, Purchase, CardNumber) VALUES ('05/06/2022', 278, 'P', 479414294572)
INSERT INTO Firecard.CardList (Card_Number, PurchaseDate, InitialBalance, CurrentBalance, Customer) VALUES (479414294572, '2013/9/20', 687, 574, 17)
INSERT INTO Firecard.Customer8 (TransactionDate, TransactionAmount, Purchase, CardNumber) VALUES ('05/06/2022', 234, 'P', 967817127516)
INSERT INTO Firecard.Customer8 (TransactionDate, TransactionAmount, Purchase, CardNumber) VALUES ('05/06/2022', 176, 'P', 967817127516)
INSERT INTO Firecard.Customer8 (TransactionDate, TransactionAmount, Purchase, CardNumber) VALUES ('05/06/2022', 21, 'P', 967817127516)
INSERT INTO Firecard.CardList (Card_Number, PurchaseDate, InitialBalance, CurrentBalance, Customer) VALUES (967817127516, '2012/6/17', 144, 273, 8)
INSERT INTO Firecard.Customer3 (TransactionDate, TransactionAmount, Purchase, CardNumber) VALUES ('05/06/2022', 158, 'P', 144263455701)
INSERT INTO Firecard.CardList (Card_Number, PurchaseDate, InitialBalance, CurrentBalance, Customer) VALUES (144263455701, '2014/11/9', 408, 712, 3)
INSERT INTO Firecard.Customer1 (TransactionDate, TransactionAmount, Purchase, CardNumber) VALUES ('05/06/2022', 753, 'P', 881502763480)
INSERT INTO Firecard.Customer1 (TransactionDate, TransactionAmount, Purchase, CardNumber) VALUES ('05/06/2022', 738, 'P', 881502763480)
INSERT INTO Firecard.CardList (Card_Number, PurchaseDate, InitialBalance, CurrentBalance, Customer) VALUES (881502763480, '2010/8/9', 495, 873, 1)
INSERT INTO Firecard.Customer19 (TransactionDate, TransactionAmount, Purchase, CardNumber) VALUES ('05/06/2022', 78, 'P', 423300097121)
INSERT INTO Firecard.Customer19 (TransactionDate, TransactionAmount, Purchase, CardNumber) VALUES ('05/06/2022', 104, 'P', 423300097121)
INSERT INTO Firecard.Customer19 (TransactionDate, TransactionAmount, Purchase, CardNumber) VALUES ('05/06/2022', 98, 'P', 423300097121)
INSERT INTO Firecard.CardList (Card_Number, PurchaseDate, InitialBalance, CurrentBalance, Customer) VALUES (423300097121, '2018/9/1', 507, 143, 19)
INSERT INTO Firecard.Customer14 (TransactionDate, TransactionAmount, Purchase, CardNumber) VALUES ('05/06/2022', 107, 'P', 904948871614)
INSERT INTO Firecard.CardList (Card_Number, PurchaseDate, InitialBalance, CurrentBalance, Customer) VALUES (904948871614, '2015/10/2', 499, 788, 14)
INSERT INTO Firecard.Customer9 (TransactionDate, TransactionAmount, Purchase, CardNumber) VALUES ('05/06/2022', 92, 'P', 319288792362)
INSERT INTO Firecard.Customer9 (TransactionDate, TransactionAmount, Purchase, CardNumber) VALUES ('05/06/2022', 42, 'P', 319288792362)
INSERT INTO Firecard.Customer9 (TransactionDate, TransactionAmount, Purchase, CardNumber) VALUES ('05/06/2022', 88, 'P', 319288792362)
INSERT INTO Firecard.CardList (Card_Number, PurchaseDate, InitialBalance, CurrentBalance, Customer) VALUES (319288792362, '2013/5/22', 282, 302, 9)
INSERT INTO Firecard.Customer12 (TransactionDate, TransactionAmount, Purchase, CardNumber) VALUES ('05/06/2022', -20, 'S', 454500379216)
INSERT INTO Firecard.CardList (Card_Number, PurchaseDate, InitialBalance, CurrentBalance, Customer) VALUES (454500379216, '2015/11/5', 72, 33, 12)
INSERT INTO Firecard.Customer18 (TransactionDate, TransactionAmount, Purchase, CardNumber) VALUES ('05/06/2022', 152, 'P', 986776336169)
INSERT INTO Firecard.Customer18 (TransactionDate, TransactionAmount, Purchase, CardNumber) VALUES ('05/06/2022', 217, 'P', 986776336169)
INSERT INTO Firecard.Customer18 (TransactionDate, TransactionAmount, Purchase, CardNumber) VALUES ('05/06/2022', 333, 'P', 986776336169)
INSERT INTO Firecard.CardList (Card_Number, PurchaseDate, InitialBalance, CurrentBalance, Customer) VALUES (986776336169, '2018/4/1', 887, 850, 18)
INSERT INTO Firecard.Customer6 (TransactionDate, TransactionAmount, Purchase, CardNumber) VALUES ('05/06/2022', 447, 'P', 688531738401)
INSERT INTO Firecard.Customer6 (TransactionDate, TransactionAmount, Purchase, CardNumber) VALUES ('05/06/2022', 1369, 'P', 688531738401)
INSERT INTO Firecard.CardList (Card_Number, PurchaseDate, InitialBalance, CurrentBalance, Customer) VALUES (688531738401, '2019/8/7', 945, 1482, 6)
INSERT INTO Firecard.Customer19 (TransactionDate, TransactionAmount, Purchase, CardNumber) VALUES ('05/06/2022', 864, 'P', 345881106867)
INSERT INTO Firecard.Customer19 (TransactionDate, TransactionAmount, Purchase, CardNumber) VALUES ('05/06/2022', -800, 'S', 345881106867)
INSERT INTO Firecard.Customer19 (TransactionDate, TransactionAmount, Purchase, CardNumber) VALUES ('05/06/2022', 597, 'P', 345881106867)
INSERT INTO Firecard.CardList (Card_Number, PurchaseDate, InitialBalance, CurrentBalance, Customer) VALUES (345881106867, '2018/5/30', 531, 870, 19)
INSERT INTO Firecard.Customer15 (TransactionDate, TransactionAmount, Purchase, CardNumber) VALUES ('05/06/2022', 101, 'P', 89367158333)
INSERT INTO Firecard.CardList (Card_Number, PurchaseDate, InitialBalance, CurrentBalance, Customer) VALUES (89367158333, '2018/2/11', 319, 146, 15)
INSERT INTO Firecard.Customer3 (TransactionDate, TransactionAmount, Purchase, CardNumber) VALUES ('05/06/2022', 141, 'P', 653079664556)
INSERT INTO Firecard.Customer3 (TransactionDate, TransactionAmount, Purchase, CardNumber) VALUES ('05/06/2022', 179, 'P', 653079664556)
INSERT INTO Firecard.Customer3 (TransactionDate, TransactionAmount, Purchase, CardNumber) VALUES ('05/06/2022', 621, 'P', 653079664556)
INSERT INTO Firecard.CardList (Card_Number, PurchaseDate, InitialBalance, CurrentBalance, Customer) VALUES (653079664556, '2018/11/13', 565, 1000, 3)
INSERT INTO Firecard.Customer0 (TransactionDate, TransactionAmount, Purchase, CardNumber) VALUES ('05/06/2022', 131, 'P', 613658955844)
INSERT INTO Firecard.Customer0 (TransactionDate, TransactionAmount, Purchase, CardNumber) VALUES ('05/06/2022', 159, 'P', 613658955844)
INSERT INTO Firecard.Customer0 (TransactionDate, TransactionAmount, Purchase, CardNumber) VALUES ('05/06/2022', -60, 'S', 613658955844)
INSERT INTO Firecard.CardList (Card_Number, PurchaseDate, InitialBalance, CurrentBalance, Customer) VALUES (613658955844, '2013/11/12', 792, 172, 0)
INSERT INTO Firecard.Customer8 (TransactionDate, TransactionAmount, Purchase, CardNumber) VALUES ('05/06/2022', 973, 'P', 611519586566)
INSERT INTO Firecard.Customer8 (TransactionDate, TransactionAmount, Purchase, CardNumber) VALUES ('05/06/2022', 641, 'P', 611519586566)
INSERT INTO Firecard.CardList (Card_Number, PurchaseDate, InitialBalance, CurrentBalance, Customer) VALUES (611519586566, '2016/3/15', 677, 1098, 8)
INSERT INTO Firecard.Customer10 (TransactionDate, TransactionAmount, Purchase, CardNumber) VALUES ('05/06/2022', 12, 'P', 608440311536)
INSERT INTO Firecard.CardList (Card_Number, PurchaseDate, InitialBalance, CurrentBalance, Customer) VALUES (608440311536, '2020/9/3', 29, 46, 10)
INSERT INTO Firecard.Customer15 (TransactionDate, TransactionAmount, Purchase, CardNumber) VALUES ('05/06/2022', 1, 'P', 893105020146)
INSERT INTO Firecard.CardList (Card_Number, PurchaseDate, InitialBalance, CurrentBalance, Customer) VALUES (893105020146, '2016/8/19', 16, 5, 15)
INSERT INTO Firecard.Customer13 (TransactionDate, TransactionAmount, Purchase, CardNumber) VALUES ('05/06/2022', -90, 'S', 487996542975)
INSERT INTO Firecard.Customer13 (TransactionDate, TransactionAmount, Purchase, CardNumber) VALUES ('05/06/2022', 213, 'P', 487996542975)
INSERT INTO Firecard.CardList (Card_Number, PurchaseDate, InitialBalance, CurrentBalance, Customer) VALUES (487996542975, '2016/3/29', 131, 246, 13)
INSERT INTO Firecard.Customer10 (TransactionDate, TransactionAmount, Purchase, CardNumber) VALUES ('05/06/2022', 8, 'P', 642701592069)
INSERT INTO Firecard.CardList (Card_Number, PurchaseDate, InitialBalance, CurrentBalance, Customer) VALUES (642701592069, '2015/8/10', 904, 55, 10)
INSERT INTO Firecard.Customer12 (TransactionDate, TransactionAmount, Purchase, CardNumber) VALUES ('05/06/2022', 546, 'P', 7136558455)
INSERT INTO Firecard.CardList (Card_Number, PurchaseDate, InitialBalance, CurrentBalance, Customer) VALUES (7136558455, '2016/7/5', 872, 1301, 12)
INSERT INTO Firecard.Customer14 (TransactionDate, TransactionAmount, Purchase, CardNumber) VALUES ('05/06/2022', 11, 'P', 409291996400)
INSERT INTO Firecard.Customer14 (TransactionDate, TransactionAmount, Purchase, CardNumber) VALUES ('05/06/2022', 13, 'P', 409291996400)
INSERT INTO Firecard.Customer14 (TransactionDate, TransactionAmount, Purchase, CardNumber) VALUES ('05/06/2022', 3, 'P', 409291996400)
INSERT INTO Firecard.CardList (Card_Number, PurchaseDate, InitialBalance, CurrentBalance, Customer) VALUES (409291996400, '2015/8/20', 16, 14, 14)
INSERT INTO Firecard.Customer3 (TransactionDate, TransactionAmount, Purchase, CardNumber) VALUES ('05/06/2022', 127, 'P', 771168685932)
INSERT INTO Firecard.Customer3 (TransactionDate, TransactionAmount, Purchase, CardNumber) VALUES ('05/06/2022', 509, 'P', 771168685932)
INSERT INTO Firecard.Customer3 (TransactionDate, TransactionAmount, Purchase, CardNumber) VALUES ('05/06/2022', 374, 'P', 771168685932)
INSERT INTO Firecard.CardList (Card_Number, PurchaseDate, InitialBalance, CurrentBalance, Customer) VALUES (771168685932, '2019/8/29', 396, 714, 3)
INSERT INTO Firecard.Customer2 (TransactionDate, TransactionAmount, Purchase, CardNumber) VALUES ('05/06/2022', 184, 'P', 644517644452)
INSERT INTO Firecard.Customer2 (TransactionDate, TransactionAmount, Purchase, CardNumber) VALUES ('05/06/2022', 38, 'P', 644517644452)
INSERT INTO Firecard.CardList (Card_Number, PurchaseDate, InitialBalance, CurrentBalance, Customer) VALUES (644517644452, '2016/9/21', 282, 417, 2)
INSERT INTO Firecard.Customer16 (TransactionDate, TransactionAmount, Purchase, CardNumber) VALUES ('05/06/2022', 13, 'P', 114800254125)
INSERT INTO Firecard.Customer16 (TransactionDate, TransactionAmount, Purchase, CardNumber) VALUES ('05/06/2022', 3, 'P', 114800254125)
INSERT INTO Firecard.CardList (Card_Number, PurchaseDate, InitialBalance, CurrentBalance, Customer) VALUES (114800254125, '2015/1/28', 265, 15, 16)
INSERT INTO Firecard.Customer8 (TransactionDate, TransactionAmount, Purchase, CardNumber) VALUES ('05/06/2022', -185, 'S', 420146868342)
INSERT INTO Firecard.Customer8 (TransactionDate, TransactionAmount, Purchase, CardNumber) VALUES ('05/06/2022', 302, 'P', 420146868342)
INSERT INTO Firecard.CardList (Card_Number, PurchaseDate, InitialBalance, CurrentBalance, Customer) VALUES (420146868342, '2018/1/12', 315, 390, 8)
INSERT INTO Firecard.Customer13 (TransactionDate, TransactionAmount, Purchase, CardNumber) VALUES ('05/06/2022', -1285, 'S', 345302148495)
INSERT INTO Firecard.Customer13 (TransactionDate, TransactionAmount, Purchase, CardNumber) VALUES ('05/06/2022', 1296, 'P', 345302148495)
INSERT INTO Firecard.Customer13 (TransactionDate, TransactionAmount, Purchase, CardNumber) VALUES ('05/06/2022', 1061, 'P', 345302148495)
INSERT INTO Firecard.CardList (Card_Number, PurchaseDate, InitialBalance, CurrentBalance, Customer) VALUES (345302148495, '2018/4/14', 742, 1381, 13)
INSERT INTO Firecard.Customer19 (TransactionDate, TransactionAmount, Purchase, CardNumber) VALUES ('05/06/2022', -20, 'S', 859797324464)
INSERT INTO Firecard.CardList (Card_Number, PurchaseDate, InitialBalance, CurrentBalance, Customer) VALUES (859797324464, '2016/1/8', 109, 101, 19)
INSERT INTO Firecard.Customer5 (TransactionDate, TransactionAmount, Purchase, CardNumber) VALUES ('05/06/2022', 871, 'P', 249644490370)
INSERT INTO Firecard.Customer5 (TransactionDate, TransactionAmount, Purchase, CardNumber) VALUES ('05/06/2022', -490, 'S', 249644490370)
INSERT INTO Firecard.CardList (Card_Number, PurchaseDate, InitialBalance, CurrentBalance, Customer) VALUES (249644490370, '2017/5/8', 851, 896, 5)
INSERT INTO Firecard.Customer6 (TransactionDate, TransactionAmount, Purchase, CardNumber) VALUES ('05/06/2022', 39, 'P', 19883246585)
INSERT INTO Firecard.CardList (Card_Number, PurchaseDate, InitialBalance, CurrentBalance, Customer) VALUES (19883246585, '2014/1/24', 433, 490, 6)
INSERT INTO Firecard.Customer11 (TransactionDate, TransactionAmount, Purchase, CardNumber) VALUES ('05/06/2022', 358, 'P', 143006680406)
INSERT INTO Firecard.Customer11 (TransactionDate, TransactionAmount, Purchase, CardNumber) VALUES ('05/06/2022', 44, 'P', 143006680406)
INSERT INTO Firecard.Customer11 (TransactionDate, TransactionAmount, Purchase, CardNumber) VALUES ('05/06/2022', 399, 'P', 143006680406)
INSERT INTO Firecard.CardList (Card_Number, PurchaseDate, InitialBalance, CurrentBalance, Customer) VALUES (143006680406, '2019/10/21', 287, 499, 11)
INSERT INTO Firecard.Customer0 (TransactionDate, TransactionAmount, Purchase, CardNumber) VALUES ('05/06/2022', 14, 'P', 616385261987)
INSERT INTO Firecard.Customer0 (TransactionDate, TransactionAmount, Purchase, CardNumber) VALUES ('05/06/2022', 22, 'P', 616385261987)
INSERT INTO Firecard.CardList (Card_Number, PurchaseDate, InitialBalance, CurrentBalance, Customer) VALUES (616385261987, '2017/9/1', 46, 85, 0)
INSERT INTO Firecard.Customer0 (TransactionDate, TransactionAmount, Purchase, CardNumber) VALUES ('05/06/2022', 698, 'P', 704216718347)
INSERT INTO Firecard.Customer0 (TransactionDate, TransactionAmount, Purchase, CardNumber) VALUES ('05/06/2022', 1221, 'P', 704216718347)
INSERT INTO Firecard.Customer0 (TransactionDate, TransactionAmount, Purchase, CardNumber) VALUES ('05/06/2022', 976, 'P', 704216718347)
INSERT INTO Firecard.CardList (Card_Number, PurchaseDate, InitialBalance, CurrentBalance, Customer) VALUES (704216718347, '2016/2/10', 916, 1521, 0)
INSERT INTO Firecard.Customer13 (TransactionDate, TransactionAmount, Purchase, CardNumber) VALUES ('05/06/2022', 44, 'P', 221719862792)
INSERT INTO Firecard.Customer13 (TransactionDate, TransactionAmount, Purchase, CardNumber) VALUES ('05/06/2022', -25, 'S', 221719862792)
INSERT INTO Firecard.Customer13 (TransactionDate, TransactionAmount, Purchase, CardNumber) VALUES ('05/06/2022', 109, 'P', 221719862792)
INSERT INTO Firecard.CardList (Card_Number, PurchaseDate, InitialBalance, CurrentBalance, Customer) VALUES (221719862792, '2019/7/27', 202, 269, 13)
INSERT INTO Firecard.Customer9 (TransactionDate, TransactionAmount, Purchase, CardNumber) VALUES ('05/06/2022', 31, 'P', 902334437243)
INSERT INTO Firecard.Customer9 (TransactionDate, TransactionAmount, Purchase, CardNumber) VALUES ('05/06/2022', 181, 'P', 902334437243)
INSERT INTO Firecard.CardList (Card_Number, PurchaseDate, InitialBalance, CurrentBalance, Customer) VALUES (902334437243, '2017/9/28', 492, 317, 9)
INSERT INTO Firecard.Customer13 (TransactionDate, TransactionAmount, Purchase, CardNumber) VALUES ('05/06/2022', 52, 'P', 227144811191)
INSERT INTO Firecard.CardList (Card_Number, PurchaseDate, InitialBalance, CurrentBalance, Customer) VALUES (227144811191, '2019/8/26', 442, 343, 13)
INSERT INTO Firecard.Customer13 (TransactionDate, TransactionAmount, Purchase, CardNumber) VALUES ('05/06/2022', 79, 'P', 555231771578)
INSERT INTO Firecard.Customer13 (TransactionDate, TransactionAmount, Purchase, CardNumber) VALUES ('05/06/2022', 14, 'P', 555231771578)
INSERT INTO Firecard.CardList (Card_Number, PurchaseDate, InitialBalance, CurrentBalance, Customer) VALUES (555231771578, '2016/2/10', 146, 130, 13)
INSERT INTO Firecard.Customer9 (TransactionDate, TransactionAmount, Purchase, CardNumber) VALUES ('05/06/2022', 183, 'P', 92193221022)
INSERT INTO Firecard.Customer9 (TransactionDate, TransactionAmount, Purchase, CardNumber) VALUES ('05/06/2022', 147, 'P', 92193221022)
INSERT INTO Firecard.Customer9 (TransactionDate, TransactionAmount, Purchase, CardNumber) VALUES ('05/06/2022', 203, 'P', 92193221022)
INSERT INTO Firecard.CardList (Card_Number, PurchaseDate, InitialBalance, CurrentBalance, Customer) VALUES (92193221022, '2010/5/14', 622, 306, 9)
INSERT INTO Firecard.Customer17 (TransactionDate, TransactionAmount, Purchase, CardNumber) VALUES ('05/06/2022', 793, 'P', 368924177902)
INSERT INTO Firecard.Customer17 (TransactionDate, TransactionAmount, Purchase, CardNumber) VALUES ('05/06/2022', -470, 'S', 368924177902)
INSERT INTO Firecard.CardList (Card_Number, PurchaseDate, InitialBalance, CurrentBalance, Customer) VALUES (368924177902, '2012/9/1', 924, 916, 17)
INSERT INTO Firecard.Customer10 (TransactionDate, TransactionAmount, Purchase, CardNumber) VALUES ('05/06/2022', 11, 'P', 858653559672)
INSERT INTO Firecard.Customer10 (TransactionDate, TransactionAmount, Purchase, CardNumber) VALUES ('05/06/2022', 8, 'P', 858653559672)
INSERT INTO Firecard.Customer10 (TransactionDate, TransactionAmount, Purchase, CardNumber) VALUES ('05/06/2022', 7, 'P', 858653559672)
INSERT INTO Firecard.CardList (Card_Number, PurchaseDate, InitialBalance, CurrentBalance, Customer) VALUES (858653559672, '2013/9/26', 31, 16, 10)
INSERT INTO Firecard.Customer19 (TransactionDate, TransactionAmount, Purchase, CardNumber) VALUES ('05/06/2022', 164, 'P', 408205714839)
INSERT INTO Firecard.CardList (Card_Number, PurchaseDate, InitialBalance, CurrentBalance, Customer) VALUES (408205714839, '2015/2/6', 341, 384, 19)
INSERT INTO Firecard.Customer12 (TransactionDate, TransactionAmount, Purchase, CardNumber) VALUES ('05/06/2022', 39, 'P', 174443365228)
INSERT INTO Firecard.Customer12 (TransactionDate, TransactionAmount, Purchase, CardNumber) VALUES ('05/06/2022', 2, 'P', 174443365228)
INSERT INTO Firecard.Customer12 (TransactionDate, TransactionAmount, Purchase, CardNumber) VALUES ('05/06/2022', -85, 'S', 174443365228)
INSERT INTO Firecard.CardList (Card_Number, PurchaseDate, InitialBalance, CurrentBalance, Customer) VALUES (174443365228, '2020/1/18', 226, 262, 12)
INSERT INTO Firecard.Customer9 (TransactionDate, TransactionAmount, Purchase, CardNumber) VALUES ('05/06/2022', -320, 'S', 561166947852)
INSERT INTO Firecard.Customer9 (TransactionDate, TransactionAmount, Purchase, CardNumber) VALUES ('05/06/2022', 1591, 'P', 561166947852)
INSERT INTO Firecard.Customer9 (TransactionDate, TransactionAmount, Purchase, CardNumber) VALUES ('05/06/2022', 297, 'P', 561166947852)
INSERT INTO Firecard.CardList (Card_Number, PurchaseDate, InitialBalance, CurrentBalance, Customer) VALUES (561166947852, '2011/5/29', 989, 1613, 9)
INSERT INTO Firecard.Customer9 (TransactionDate, TransactionAmount, Purchase, CardNumber) VALUES ('05/06/2022', 964, 'P', 579946468411)
INSERT INTO Firecard.CardList (Card_Number, PurchaseDate, InitialBalance, CurrentBalance, Customer) VALUES (579946468411, '2020/8/14', 917, 1642, 9)
INSERT INTO Firecard.Customer11 (TransactionDate, TransactionAmount, Purchase, CardNumber) VALUES ('05/06/2022', 303, 'P', 332380883365)
INSERT INTO Firecard.Customer11 (TransactionDate, TransactionAmount, Purchase, CardNumber) VALUES ('05/06/2022', -300, 'S', 332380883365)
INSERT INTO Firecard.CardList (Card_Number, PurchaseDate, InitialBalance, CurrentBalance, Customer) VALUES (332380883365, '2010/5/25', 255, 322, 11)
INSERT INTO Firecard.Customer12 (TransactionDate, TransactionAmount, Purchase, CardNumber) VALUES ('05/06/2022', -115, 'S', 315858712114)
INSERT INTO Firecard.Customer12 (TransactionDate, TransactionAmount, Purchase, CardNumber) VALUES ('05/06/2022', 284, 'P', 315858712114)
INSERT INTO Firecard.CardList (Card_Number, PurchaseDate, InitialBalance, CurrentBalance, Customer) VALUES (315858712114, '2018/2/14', 944, 756, 12)
INSERT INTO Firecard.Customer5 (TransactionDate, TransactionAmount, Purchase, CardNumber) VALUES ('05/06/2022', 7, 'P', 285577623773)
INSERT INTO Firecard.Customer5 (TransactionDate, TransactionAmount, Purchase, CardNumber) VALUES ('05/06/2022', 49, 'P', 285577623773)
INSERT INTO Firecard.Customer5 (TransactionDate, TransactionAmount, Purchase, CardNumber) VALUES ('05/06/2022', 51, 'P', 285577623773)
INSERT INTO Firecard.CardList (Card_Number, PurchaseDate, InitialBalance, CurrentBalance, Customer) VALUES (285577623773, '2011/6/25', 64, 66, 5)
INSERT INTO Firecard.Customer16 (TransactionDate, TransactionAmount, Purchase, CardNumber) VALUES ('05/06/2022', 59, 'P', 456672312707)
INSERT INTO Firecard.Customer16 (TransactionDate, TransactionAmount, Purchase, CardNumber) VALUES ('05/06/2022', -30, 'S', 456672312707)
INSERT INTO Firecard.CardList (Card_Number, PurchaseDate, InitialBalance, CurrentBalance, Customer) VALUES (456672312707, '2012/11/24', 417, 345, 16)
INSERT INTO Firecard.Customer16 (TransactionDate, TransactionAmount, Purchase, CardNumber) VALUES ('05/06/2022', 11, 'P', 916594633653)
INSERT INTO Firecard.Customer16 (TransactionDate, TransactionAmount, Purchase, CardNumber) VALUES ('05/06/2022', 2, 'P', 916594633653)
INSERT INTO Firecard.Customer16 (TransactionDate, TransactionAmount, Purchase, CardNumber) VALUES ('05/06/2022', 18, 'P', 916594633653)
INSERT INTO Firecard.CardList (Card_Number, PurchaseDate, InitialBalance, CurrentBalance, Customer) VALUES (916594633653, '2010/10/8', 153, 21, 16)
INSERT INTO Firecard.Customer10 (TransactionDate, TransactionAmount, Purchase, CardNumber) VALUES ('05/06/2022', 163, 'P', 491091902361)
INSERT INTO Firecard.CardList (Card_Number, PurchaseDate, InitialBalance, CurrentBalance, Customer) VALUES (491091902361, '2020/6/17', 337, 413, 10)
INSERT INTO Firecard.Customer14 (TransactionDate, TransactionAmount, Purchase, CardNumber) VALUES ('05/06/2022', 0, 'S', 103041922338)
INSERT INTO Firecard.CardList (Card_Number, PurchaseDate, InitialBalance, CurrentBalance, Customer) VALUES (103041922338, '2017/6/7', 863, 4, 14)
INSERT INTO Firecard.Customer11 (TransactionDate, TransactionAmount, Purchase, CardNumber) VALUES ('05/06/2022', 1, 'P', 201428134663)
INSERT INTO Firecard.Customer11 (TransactionDate, TransactionAmount, Purchase, CardNumber) VALUES ('05/06/2022', -5, 'S', 201428134663)
INSERT INTO Firecard.Customer11 (TransactionDate, TransactionAmount, Purchase, CardNumber) VALUES ('05/06/2022', -5, 'S', 201428134663)
INSERT INTO Firecard.CardList (Card_Number, PurchaseDate, InitialBalance, CurrentBalance, Customer) VALUES (201428134663, '2020/6/13', 600, 7, 11)
INSERT INTO Firecard.Customer0 (TransactionDate, TransactionAmount, Purchase, CardNumber) VALUES ('05/06/2022', 252, 'P', 567412395792)
INSERT INTO Firecard.Customer0 (TransactionDate, TransactionAmount, Purchase, CardNumber) VALUES ('05/06/2022', -140, 'S', 567412395792)
INSERT INTO Firecard.Customer0 (TransactionDate, TransactionAmount, Purchase, CardNumber) VALUES ('05/06/2022', 698, 'P', 567412395792)
INSERT INTO Firecard.CardList (Card_Number, PurchaseDate, InitialBalance, CurrentBalance, Customer) VALUES (567412395792, '2014/11/24', 619, 710, 0)
INSERT INTO Firecard.Customer12 (TransactionDate, TransactionAmount, Purchase, CardNumber) VALUES ('05/06/2022', 0, 'S', 245525017314)
INSERT INTO Firecard.Customer12 (TransactionDate, TransactionAmount, Purchase, CardNumber) VALUES ('05/06/2022', 322, 'P', 245525017314)
INSERT INTO Firecard.Customer12 (TransactionDate, TransactionAmount, Purchase, CardNumber) VALUES ('05/06/2022', 89, 'P', 245525017314)
INSERT INTO Firecard.CardList (Card_Number, PurchaseDate, InitialBalance, CurrentBalance, Customer) VALUES (245525017314, '2010/10/26', 288, 470, 12)
INSERT INTO Firecard.Customer8 (TransactionDate, TransactionAmount, Purchase, CardNumber) VALUES ('05/06/2022', -940, 'S', 529690369343)
INSERT INTO Firecard.Customer8 (TransactionDate, TransactionAmount, Purchase, CardNumber) VALUES ('05/06/2022', 803, 'P', 529690369343)
INSERT INTO Firecard.CardList (Card_Number, PurchaseDate, InitialBalance, CurrentBalance, Customer) VALUES (529690369343, '2010/11/3', 773, 1271, 8)
INSERT INTO Firecard.Customer11 (TransactionDate, TransactionAmount, Purchase, CardNumber) VALUES ('05/06/2022', 604, 'P', 333665402806)
INSERT INTO Firecard.Customer11 (TransactionDate, TransactionAmount, Purchase, CardNumber) VALUES ('05/06/2022', 8, 'P', 333665402806)
INSERT INTO Firecard.CardList (Card_Number, PurchaseDate, InitialBalance, CurrentBalance, Customer) VALUES (333665402806, '2020/8/8', 536, 750, 11)
INSERT INTO Firecard.Customer7 (TransactionDate, TransactionAmount, Purchase, CardNumber) VALUES ('05/06/2022', 42, 'P', 97502284402)
INSERT INTO Firecard.CardList (Card_Number, PurchaseDate, InitialBalance, CurrentBalance, Customer) VALUES (97502284402, '2014/1/24', 134, 213, 7)
INSERT INTO Firecard.Customer5 (TransactionDate, TransactionAmount, Purchase, CardNumber) VALUES ('05/06/2022', 423, 'P', 141383153412)
INSERT INTO Firecard.Customer5 (TransactionDate, TransactionAmount, Purchase, CardNumber) VALUES ('05/06/2022', 378, 'P', 141383153412)
INSERT INTO Firecard.CardList (Card_Number, PurchaseDate, InitialBalance, CurrentBalance, Customer) VALUES (141383153412, '2012/9/19', 675, 642, 5)
INSERT INTO Firecard.Customer14 (TransactionDate, TransactionAmount, Purchase, CardNumber) VALUES ('05/06/2022', -445, 'S', 494904683150)
INSERT INTO Firecard.CardList (Card_Number, PurchaseDate, InitialBalance, CurrentBalance, Customer) VALUES (494904683150, '2010/9/6', 754, 604, 14)
INSERT INTO Firecard.Customer7 (TransactionDate, TransactionAmount, Purchase, CardNumber) VALUES ('05/06/2022', 713, 'P', 435406746311)
INSERT INTO Firecard.Customer7 (TransactionDate, TransactionAmount, Purchase, CardNumber) VALUES ('05/06/2022', -430, 'S', 435406746311)
INSERT INTO Firecard.CardList (Card_Number, PurchaseDate, InitialBalance, CurrentBalance, Customer) VALUES (435406746311, '2018/7/10', 677, 722, 7)
INSERT INTO Firecard.Customer9 (TransactionDate, TransactionAmount, Purchase, CardNumber) VALUES ('05/06/2022', -25, 'S', 365139567284)
INSERT INTO Firecard.Customer9 (TransactionDate, TransactionAmount, Purchase, CardNumber) VALUES ('05/06/2022', 9, 'P', 365139567284)
INSERT INTO Firecard.CardList (Card_Number, PurchaseDate, InitialBalance, CurrentBalance, Customer) VALUES (365139567284, '2020/4/8', 110, 124, 9)
INSERT INTO Firecard.Customer19 (TransactionDate, TransactionAmount, Purchase, CardNumber) VALUES ('05/06/2022', 681, 'P', 845890387981)
INSERT INTO Firecard.Customer19 (TransactionDate, TransactionAmount, Purchase, CardNumber) VALUES ('05/06/2022', 378, 'P', 845890387981)
INSERT INTO Firecard.CardList (Card_Number, PurchaseDate, InitialBalance, CurrentBalance, Customer) VALUES (845890387981, '2013/7/21', 997, 1115, 19)
INSERT INTO Firecard.Customer2 (TransactionDate, TransactionAmount, Purchase, CardNumber) VALUES ('05/06/2022', 36, 'P', 476128740444)
INSERT INTO Firecard.CardList (Card_Number, PurchaseDate, InitialBalance, CurrentBalance, Customer) VALUES (476128740444, '2011/10/20', 359, 74, 2)
INSERT INTO Firecard.Customer10 (TransactionDate, TransactionAmount, Purchase, CardNumber) VALUES ('05/06/2022', -15, 'S', 508479776595)
INSERT INTO Firecard.Customer10 (TransactionDate, TransactionAmount, Purchase, CardNumber) VALUES ('05/06/2022', -100, 'S', 508479776595)
INSERT INTO Firecard.CardList (Card_Number, PurchaseDate, InitialBalance, CurrentBalance, Customer) VALUES (508479776595, '2015/2/13', 811, 153, 10)
INSERT INTO Firecard.Customer7 (TransactionDate, TransactionAmount, Purchase, CardNumber) VALUES ('05/06/2022', 16, 'P', 670403510102)
INSERT INTO Firecard.Customer7 (TransactionDate, TransactionAmount, Purchase, CardNumber) VALUES ('05/06/2022', -50, 'S', 670403510102)
INSERT INTO Firecard.CardList (Card_Number, PurchaseDate, InitialBalance, CurrentBalance, Customer) VALUES (670403510102, '2010/7/9', 843, 59, 7)
INSERT INTO Firecard.Customer13 (TransactionDate, TransactionAmount, Purchase, CardNumber) VALUES ('05/06/2022', 714, 'P', 655406251024)
INSERT INTO Firecard.Customer13 (TransactionDate, TransactionAmount, Purchase, CardNumber) VALUES ('05/06/2022', 1291, 'P', 655406251024)
INSERT INTO Firecard.Customer13 (TransactionDate, TransactionAmount, Purchase, CardNumber) VALUES ('05/06/2022', 1214, 'P', 655406251024)
INSERT INTO Firecard.CardList (Card_Number, PurchaseDate, InitialBalance, CurrentBalance, Customer) VALUES (655406251024, '2017/8/23', 821, 1547, 13)
INSERT INTO Firecard.Customer19 (TransactionDate, TransactionAmount, Purchase, CardNumber) VALUES ('05/06/2022', 201, 'P', 645696361057)
INSERT INTO Firecard.Customer19 (TransactionDate, TransactionAmount, Purchase, CardNumber) VALUES ('05/06/2022', -785, 'S', 645696361057)
INSERT INTO Firecard.Customer19 (TransactionDate, TransactionAmount, Purchase, CardNumber) VALUES ('05/06/2022', 133, 'P', 645696361057)
INSERT INTO Firecard.CardList (Card_Number, PurchaseDate, InitialBalance, CurrentBalance, Customer) VALUES (645696361057, '2014/6/6', 757, 829, 19)
INSERT INTO Firecard.Customer10 (TransactionDate, TransactionAmount, Purchase, CardNumber) VALUES ('05/06/2022', 72, 'P', 813842738871)
INSERT INTO Firecard.CardList (Card_Number, PurchaseDate, InitialBalance, CurrentBalance, Customer) VALUES (813842738871, '2013/7/8', 348, 233, 10)
INSERT INTO Firecard.Customer1 (TransactionDate, TransactionAmount, Purchase, CardNumber) VALUES ('05/06/2022', 561, 'P', 960127966177)
INSERT INTO Firecard.CardList (Card_Number, PurchaseDate, InitialBalance, CurrentBalance, Customer) VALUES (960127966177, '2014/6/19', 589, 598, 1)
INSERT INTO Firecard.Customer10 (TransactionDate, TransactionAmount, Purchase, CardNumber) VALUES ('05/06/2022', 411, 'P', 360642836542)
INSERT INTO Firecard.CardList (Card_Number, PurchaseDate, InitialBalance, CurrentBalance, Customer) VALUES (360642836542, '2020/1/21', 532, 513, 10)
INSERT INTO Firecard.Customer12 (TransactionDate, TransactionAmount, Purchase, CardNumber) VALUES ('05/06/2022', 6, 'P', 573545142378)
INSERT INTO Firecard.Customer12 (TransactionDate, TransactionAmount, Purchase, CardNumber) VALUES ('05/06/2022', 143, 'P', 573545142378)
INSERT INTO Firecard.Customer12 (TransactionDate, TransactionAmount, Purchase, CardNumber) VALUES ('05/06/2022', 107, 'P', 573545142378)
INSERT INTO Firecard.CardList (Card_Number, PurchaseDate, InitialBalance, CurrentBalance, Customer) VALUES (573545142378, '2019/1/23', 640, 174, 12)
INSERT INTO Firecard.Customer10 (TransactionDate, TransactionAmount, Purchase, CardNumber) VALUES ('05/06/2022', 234, 'P', 559686666982)
INSERT INTO Firecard.Customer10 (TransactionDate, TransactionAmount, Purchase, CardNumber) VALUES ('05/06/2022', 68, 'P', 559686666982)
INSERT INTO Firecard.Customer10 (TransactionDate, TransactionAmount, Purchase, CardNumber) VALUES ('05/06/2022', 223, 'P', 559686666982)
INSERT INTO Firecard.CardList (Card_Number, PurchaseDate, InitialBalance, CurrentBalance, Customer) VALUES (559686666982, '2019/6/8', 392, 289, 10)
INSERT INTO Firecard.Customer12 (TransactionDate, TransactionAmount, Purchase, CardNumber) VALUES ('05/06/2022', 249, 'P', 557986812232)
INSERT INTO Firecard.Customer12 (TransactionDate, TransactionAmount, Purchase, CardNumber) VALUES ('05/06/2022', 1012, 'P', 557986812232)
INSERT INTO Firecard.Customer12 (TransactionDate, TransactionAmount, Purchase, CardNumber) VALUES ('05/06/2022', 869, 'P', 557986812232)
INSERT INTO Firecard.CardList (Card_Number, PurchaseDate, InitialBalance, CurrentBalance, Customer) VALUES (557986812232, '2016/3/26', 572, 1117, 12)
INSERT INTO Firecard.Customer0 (TransactionDate, TransactionAmount, Purchase, CardNumber) VALUES ('05/06/2022', -205, 'S', 289674559477)
INSERT INTO Firecard.Customer0 (TransactionDate, TransactionAmount, Purchase, CardNumber) VALUES ('05/06/2022', 264, 'P', 289674559477)
INSERT INTO Firecard.Customer0 (TransactionDate, TransactionAmount, Purchase, CardNumber) VALUES ('05/06/2022', 129, 'P', 289674559477)
INSERT INTO Firecard.CardList (Card_Number, PurchaseDate, InitialBalance, CurrentBalance, Customer) VALUES (289674559477, '2018/7/10', 834, 381, 0)
INSERT INTO Firecard.Customer13 (TransactionDate, TransactionAmount, Purchase, CardNumber) VALUES ('05/06/2022', 28, 'P', 18693696601)
INSERT INTO Firecard.Customer13 (TransactionDate, TransactionAmount, Purchase, CardNumber) VALUES ('05/06/2022', 163, 'P', 18693696601)
INSERT INTO Firecard.CardList (Card_Number, PurchaseDate, InitialBalance, CurrentBalance, Customer) VALUES (18693696601, '2016/4/13', 863, 336, 13)




SELECT * FROM Firecard.CustomerList
SELECT * FROM Firecard.CardList
SELECT * FROM Firecard.Customer0
SELECT * FROM Firecard.Customer1
SELECT * FROM Firecard.Customer2
--DROP TABLE Firecard.CardList
--DROP TABLE Firecard.CustomerList
--Drop Table Firecard.Customer0
--Drop Table Firecard.Customer1
--Drop Table Firecard.Customer3
--CREATE TABLE Firecard.Customer0( --Example. This is how transaction history is worked out, new entries appended to table.
--    TransactionDate NVARCHAR (10),
--    TransactionAmount MONEY,
--    Purchase NVARCHAR (1), --to save on data, if it was the purchase of a card, or money onto a card, this is 'S'. If it is a purchase with the card, this is 'P'.
--    CardNumber INT
--)
